{"cameraMode":{"drawMode":0,"name":"Shaded","section":"Shading Mode"},"sceneLighting":false,"audioPlay":false,"sceneViewState":{"m_AlwaysRefresh":true,"showFog":true,"showSkybox":false,"showFlares":true,"showImageEffects":true,"showParticleSystems":true,"showVisualEffectGraphs":true,"m_FxEnabled":true},"in2DMode":false,"pivot":{"x":-86.10417175292969,"y":-22.540084838867189,"z":50.847652435302737},"rotation":{"x":0.1914696991443634,"y":0.20387808978557588,"z":-0.039940621703863147,"w":0.9595301151275635},"size":1.3049321174621583,"orthographic":false}