{"cameraMode":{"drawMode":0,"name":"Shaded","section":"Shading Mode"},"sceneLighting":true,"audioPlay":false,"sceneViewState":{"m_AlwaysRefresh":true,"showFog":true,"showSkybox":true,"showFlares":true,"showImageEffects":true,"showParticleSystems":true,"showVisualEffectGraphs":true,"m_FxEnabled":true},"in2DMode":false,"pivot":{"x":97.26006317138672,"y":-39.92241668701172,"z":66.93948364257813},"rotation":{"x":-0.005111345089972019,"y":0.09935956448316574,"z":0.00006122243212303147,"w":0.9956907629966736},"size":31.940425872802736,"orthographic":false}