{"cameraMode":{"drawMode":0,"name":"Shaded","section":"Shading Mode"},"sceneLighting":true,"audioPlay":false,"sceneViewState":{"m_AlwaysRefresh":true,"showFog":true,"showSkybox":true,"showFlares":true,"showImageEffects":true,"showParticleSystems":true,"showVisualEffectGraphs":true,"m_FxEnabled":true},"in2DMode":false,"pivot":{"x":-156.64492797851563,"y":-112.34683227539063,"z":277.94549560546877},"rotation":{"x":0.18005552887916566,"y":-0.15200579166412354,"z":0.02869955636560917,"w":0.9716740846633911},"size":146.1022491455078,"orthographic":false}