{"cameraMode":{"drawMode":0,"name":"Shaded","section":"Shading Mode"},"sceneLighting":true,"audioPlay":false,"sceneViewState":{"m_AlwaysRefresh":true,"showFog":true,"showSkybox":true,"showFlares":true,"showImageEffects":true,"showParticleSystems":true,"showVisualEffectGraphs":true,"m_FxEnabled":true},"in2DMode":false,"pivot":{"x":-206.29364013671876,"y":-127.86751556396485,"z":301.9412536621094},"rotation":{"x":0.17770974338054658,"y":-0.21719779074192048,"z":0.04077871888875961,"w":0.9592090249061585},"size":150.74400329589845,"orthographic":false}