{"cameraMode":{"drawMode":0,"name":"Shaded","section":"Shading Mode"},"sceneLighting":true,"audioPlay":false,"sceneViewState":{"m_AlwaysRefresh":true,"showFog":true,"showSkybox":true,"showFlares":true,"showImageEffects":true,"showParticleSystems":true,"showVisualEffectGraphs":true,"m_FxEnabled":true},"in2DMode":false,"pivot":{"x":-140.41746520996095,"y":-107.17371368408203,"z":427.4220275878906},"rotation":{"x":0.13738101720809937,"y":-0.08233499526977539,"z":0.011975876986980439,"w":0.9872723817825317},"size":179.55726623535157,"orthographic":false}