{"cameraMode":{"drawMode":0,"name":"Shaded","section":"Shading Mode"},"sceneLighting":true,"audioPlay":false,"sceneViewState":{"m_AlwaysRefresh":true,"showFog":true,"showSkybox":true,"showFlares":true,"showImageEffects":true,"showParticleSystems":true,"showVisualEffectGraphs":true,"m_FxEnabled":true},"in2DMode":false,"pivot":{"x":-85.58139038085938,"y":-31.76433753967285,"z":90.02522277832031},"rotation":{"x":0.12447614222764969,"y":-0.020041177049279214,"z":0.003189598908647895,"w":0.9922729134559631},"size":23.987953186035158,"orthographic":false}