{"cameraMode":{"drawMode":0,"name":"Shaded","section":"Shading Mode"},"sceneLighting":true,"audioPlay":false,"sceneViewState":{"m_AlwaysRefresh":true,"showFog":true,"showSkybox":true,"showFlares":true,"showImageEffects":true,"showParticleSystems":true,"showVisualEffectGraphs":true,"m_FxEnabled":true},"in2DMode":false,"pivot":{"x":95.64644622802735,"y":-39.38561248779297,"z":20.533790588378908},"rotation":{"x":0.040556687861680987,"y":-0.06021495535969734,"z":0.005483121145516634,"w":0.9978119134902954},"size":21.811702728271486,"orthographic":false}