{"cameraMode":{"drawMode":0,"name":"Shaded","section":"Shading Mode"},"sceneLighting":true,"audioPlay":false,"sceneViewState":{"m_AlwaysRefresh":true,"showFog":true,"showSkybox":true,"showFlares":true,"showImageEffects":true,"showParticleSystems":true,"showVisualEffectGraphs":true,"m_FxEnabled":true},"in2DMode":false,"pivot":{"x":-82.9550552368164,"y":-19.876604080200197,"z":52.50130081176758},"rotation":{"x":0.34994134306907656,"y":-0.16236265003681184,"z":0.062377676367759708,"w":0.9207563996315002},"size":2.1073949337005617,"orthographic":false}